Keywords,Title,Scheduled Date,Scheduled Time,Affiliate Product Names,Affiliate Product URLs,Content Instructions,SEO Title,SEO Description,Internal Link Title,Internal Link URL,Internal Link Description
vancouver trip itinerary,,2025-03-22,18:30,Vancouver: Flyover Experience Ticket | Vancouver: Classic Panorama Tour by Seaplane |Vancouver: 24 or 48-Hour Hop-On Hop-Off Sightseeing Bus Pass,https://www.getyourguide.com/flyover-canada-l88465/vancouver-flyover-canada-experience-t389361/ | https://www.getyourguide.com/vancouver-l189/classic-vancouver-panorama-tour-by-seaplane-t17883/ | https://www.getyourguide.com/vancouver-l189/hop-on-hop-off-vancouver-sightseeing-passes-t146028/,,,,Discover the Wonders of Johnston Canyon: A Scenic Tour Guide | Experience Breathtaking Views on a Vancouver Seaplane Tour,https://canadathingstodo.com/discover-the-wonders-of-johnston-canyon-a-scenic-tour-guide/ | https://canadathingstodo.com/experience-breathtaking-views-on-a-vancouver-seaplane-tour/,
,,,,,,,,,,,
,,,,,,,,,,,
,,,,,,,,,,,
,,,,,,,,,,,
,,,,,,,,,,,
,,,,,,,,,,,
,,,,,,,,,,,
,,,,,,,,,,,
,,,,,,,,,,,
,,,,,,,,,,,
,,,,,,,,,,,
,,,,,,,,,,,
,,,,,,,,,,,
,,,,,,,,,,,
,,,,,,,,,,,
,,,,,,,,,,,
,,,,,,,,,,,
,,,,,,,,,,,
,,,,,,,,,,,
,,,,,,,,,,,
,,,,,,,,,,,
,,,,,,,,,,,
,,,,,,,,,,,
,,,,,,,,,,,
,,,,,,,,,,,
,,,,,,,,,,,
,,,,,,,,,,,
,,,,,,,,,,,
,,,,,,,,,,,
,,,,,,,,,,,
,,,,,,,,,,,
,,,,,,,,,,,
,,,,,,,,,,,
,,,,,,,,,,,
,,,,,,,,,,,
,,,,,,,,,,,
,,,,,,,,,,,
,,,,,,,,,,,
,,,,,,,,,,,
,,,,,,,,,,,
,,,,,,,,,,,
,,,,,,,,,,,
,,,,,,,,,,,
,,,,,,,,,,,
,,,,,,,,,,,
,,,,,,,,,,,
,,,,,,,,,,,